model,split,MAE,RMSE,R2
Linear Regression,train,4.220368920961102,6.464039228476637,0.9514784556910489
Linear Regression,validation,4.11460577858884,6.145214046489227,0.9433301965728362
Linear Regression,test,4.064548492664529,6.460556303567961,0.9312650675102183
Random Forest,train,1.8234434534092792,2.892173823363991,0.9902865070304282
Random Forest,validation,2.6314683541541846,4.492031771049984,0.9697194809321823
Random Forest,test,2.523140906037771,4.6424557070501375,0.9645077757509354
XGBoost,train,2.445664149056025,3.978730995858841,0.9816170247466942
XGBoost,validation,2.6302461813073,4.389308192955896,0.9710885530000961
XGBoost,test,2.5824351468620788,4.956091486536453,0.9595502065551271
