model,split,mean_residual,median_residual,residual_std,p05,p95,negative_prediction_count_raw
Linear Regression,train,-0.3948104089926522,-0.4000394995104417,6.45197085302126,-9.540778050668003,9.983106625854703,9344
Linear Regression,validation,-0.5093161352501093,-0.4117491639627655,6.124071582823178,-9.482168260350113,9.613455008285692,2209
Linear Regression,test,-0.4520226158780254,-0.33566832365784904,6.444723679592982,-9.094904562814637,9.311409659412606,2192
Random Forest,train,-0.002985198284511107,-0.19843381234773083,2.892172282756179,-4.096871862799673,5.172642634994236,0
Random Forest,validation,-0.1621194522189879,-0.24952098269647216,4.489105335736138,-6.386618331203552,6.95156548437198,0
Random Forest,test,-0.17988161224424848,-0.22870145346374132,4.638969454253693,-5.767310378341126,6.762487828993739,0
XGBoost,train,-0.008754422840445353,-0.2628099828958508,3.978721364645759,-5.469429702758789,6.88087909698486,4282
XGBoost,validation,-0.15331294208259755,-0.31437206268310547,4.386629862951708,-6.1674247741699215,7.003804740905754,962
XGBoost,test,-0.23554088831834108,-0.27067889273166656,4.950491219348774,-5.71644856929779,6.718956235051155,962
